{
   "author":"Damien",
   "pluginName":"40-Home Page with tabs, logos and Carousel, 03292016_40",
   "pluginDescription":"Create a unique home page-like experience to point your users where you want them to go. You can also use this as a folder inside your app.",
   "supportEmail":"support@buildfire.com",
   "control":{
      "content":{
         "enabled":true
      },
      "design":{
         "enabled":true
      },
      "settings":{
         "enabled":false
      }
   },
   "widget":{

   },
   "features":[

   ],
   "languages":[
      "en"
   ]
}
