{
  "author":"Damien"
  ,"pluginName":"Customized Text WYSIWYG"
  ,"pluginDescription":"I just modify the TEXT WYSIWYG to display two tezt zone, modifying their size."
  ,"supportEmail":"support@buildfire.com"
  ,"pluginIcon":"icon.png"
  ,"licenseKey": "a4sd6-as654asd6as545a65s4d6a-65asd564a"
  ,"control":{
    "content":{
      "enabled":true
    }
    , "design":{
      "enabled":true
    }
    , "settings":{
      "enabled":false
    }
  }
  ,"widget":{

  },
  "features":[

   ],
   "languages":[
      "en"
   ]
}
